{"cameraMode":{"drawMode":0,"name":"Shaded","section":"Shading Mode"},"sceneLighting":true,"audioPlay":false,"sceneViewState":{"showFog":true,"showMaterialUpdate":true,"showSkybox":true,"showFlares":true,"showImageEffects":true,"showParticleSystems":true},"in2DMode":false,"pivot":{"x":21.323335647583009,"y":0.11602939665317536,"z":-22.440216064453126},"rotation":{"x":-0.02369711734354496,"y":0.9426925182342529,"z":-0.325739324092865,"w":-0.0685492530465126},"size":15.65031909942627,"orthographic":false}