{"cameraMode":{"drawMode":0,"name":"Shaded","section":"Shading Mode"},"sceneLighting":false,"audioPlay":false,"sceneViewState":{"showFog":true,"showMaterialUpdate":true,"showSkybox":false,"showFlares":true,"showImageEffects":true,"showParticleSystems":true},"in2DMode":false,"pivot":{"x":0.11664177477359772,"y":1.231248378753662,"z":-15.022684097290039},"rotation":{"x":-0.0007786252535879612,"y":-0.9965882897377014,"z":0.08211459964513779,"w":-0.009575334377586842},"size":9.725215911865235,"orthographic":false}