{"cameraMode":{"drawMode":0,"name":"Shaded","section":"Shading Mode"},"sceneLighting":false,"audioPlay":false,"sceneViewState":{"showFog":true,"showMaterialUpdate":true,"showSkybox":false,"showFlares":true,"showImageEffects":true,"showParticleSystems":true},"in2DMode":false,"pivot":{"x":14.610465049743653,"y":1.4520589113235474,"z":-19.660295486450197},"rotation":{"x":-0.10238473862409592,"y":0.3795148730278015,"z":-0.04228290170431137,"w":-0.9185450077056885},"size":5.183746337890625,"orthographic":false}