{"cameraMode":{"drawMode":0,"name":"Shaded","section":"Shading Mode"},"sceneLighting":false,"audioPlay":false,"sceneViewState":{"showFog":true,"showMaterialUpdate":true,"showSkybox":false,"showFlares":true,"showImageEffects":true,"showParticleSystems":true},"in2DMode":false,"pivot":{"x":18.086505889892579,"y":1.0632688999176026,"z":-23.281558990478517},"rotation":{"x":-0.033964015543460849,"y":-0.9141039252281189,"z":0.3964284360408783,"w":-0.0783526748418808},"size":5.41053581237793,"orthographic":false}