{"cameraMode":{"drawMode":0,"name":"Shaded","section":"Shading Mode"},"sceneLighting":false,"audioPlay":false,"sceneViewState":{"showFog":true,"showMaterialUpdate":true,"showSkybox":false,"showFlares":true,"showImageEffects":true,"showParticleSystems":true},"in2DMode":false,"pivot":{"x":0.3017231523990631,"y":-0.3967609107494354,"z":-0.3446837067604065},"rotation":{"x":0.046410221606492999,"y":0.9404998421669006,"z":-0.3045995235443115,"w":0.14329828321933747},"size":2.38238263130188,"orthographic":false}