{"cameraMode":{"drawMode":0,"name":"Shaded","section":"Shading Mode"},"sceneLighting":true,"audioPlay":false,"sceneViewState":{"showFog":true,"showMaterialUpdate":true,"showSkybox":true,"showFlares":true,"showImageEffects":true,"showParticleSystems":true},"in2DMode":false,"pivot":{"x":663.3291625976563,"y":84.53065490722656,"z":624.2300415039063},"rotation":{"x":-0.13725635409355164,"y":0.011595899239182473,"z":-0.0015918082790449262,"w":-0.9904841184616089},"size":2065.5654296875,"orthographic":false}