{"cameraMode":{"drawMode":0,"name":"Shaded","section":"Shading Mode"},"sceneLighting":false,"audioPlay":false,"sceneViewState":{"showFog":true,"showMaterialUpdate":true,"showSkybox":false,"showFlares":true,"showImageEffects":true,"showParticleSystems":true},"in2DMode":false,"pivot":{"x":16.567380905151368,"y":-0.33588695526123049,"z":-22.64325523376465},"rotation":{"x":0.2778473198413849,"y":0.6326496601104736,"z":-0.674235999584198,"w":0.26074549555778506},"size":4.812246322631836,"orthographic":false}