{"cameraMode":{"drawMode":0,"name":"Shaded","section":"Shading Mode"},"sceneLighting":true,"audioPlay":false,"sceneViewState":{"showFog":true,"showMaterialUpdate":true,"showSkybox":true,"showFlares":true,"showImageEffects":true,"showParticleSystems":true},"in2DMode":false,"pivot":{"x":21.71274185180664,"y":-0.25062084197998049,"z":-21.027341842651368},"rotation":{"x":-0.08457992225885391,"y":0.8641743659973145,"z":-0.4711993336677551,"w":-0.15510044991970063},"size":17.787355422973634,"orthographic":false}