{"cameraMode":{"drawMode":0,"name":"Shaded","section":"Shading Mode"},"sceneLighting":false,"audioPlay":false,"sceneViewState":{"showFog":true,"showMaterialUpdate":true,"showSkybox":false,"showFlares":true,"showImageEffects":true,"showParticleSystems":true},"in2DMode":false,"pivot":{"x":18.010000228881837,"y":1.1050000190734864,"z":-23.34000015258789},"rotation":{"x":-0.033964015543460849,"y":-0.9141039252281189,"z":0.3964284360408783,"w":-0.0783526748418808},"size":4.51053524017334,"orthographic":false}